<?xml version="1.0" encoding="UTF-8"?>
<project-private xmlns="http://www.netbeans.org/ns/project-private/1">
    <editor-bookmarks xmlns="http://www.netbeans.org/ns/editor-bookmarks/2" lastBookmarkId="0"/>
    <open-files xmlns="http://www.netbeans.org/ns/projectui-open-files/2">
        <group>
            <file>file:/C:/Carlos/JoseM/Escuela%20Superior/5to%20semestre/Ingenieria%20web/Página%20login%20con%20backend/LoginApp1/src/loginapp1/LoginApp1.java</file>
            <file>file:/C:/Carlos/JoseM/Escuela%20Superior/5to%20semestre/Ingenieria%20web/Página%20login%20con%20backend/LoginApp1/src/Conexiones/SqlConexion.java</file>
        </group>
    </open-files>
</project-private>
